﻿GameKey;GameName;GameCost;GameSubcategoryKey
PR-1;CALCIO;0.15;SUB-1
PR-2;MARCATORI CALCIO;0.15;SUB-1
PR-3;ANTEPOST CALCIO;0.15;SUB-1
PR-4;TENNIS;0.15;SUB-1
PR-5;BASKET;0.15;SUB-1
PR-6;VOLLEY;0.15;SUB-1
PR-7;MUSICA E SPETTACOLO;0.15;SUB-1
PR-8;AUTOMOBILISMO;0.15;SUB-1
PR-9;MOTOCICLISMO;0.15;SUB-1
PR-10;HOCKEY GHIACCIO;0.15;SUB-1
PR-11;BASEBALL;0.15;SUB-1
PR-12;FOOTBALL AMERICANO;0.15;SUB-1
PR-13;CICLISMO;0.15;SUB-1
PR-14;RUGBY UNION;0.15;SUB-1
PR-15;SCI ALPINO;0.15;SUB-1
PR-16;CALCIO A ;0.15;SUB-1
PR-17;PALLAMANO;0.15;SUB-1
PR-18;PALLANUOTO;0.15;SUB-1
PR-19;GOLF;0.15;SUB-1
PR-20;SNOOKER;0.15;SUB-1
PR-21;FRECCETTE;0.15;SUB-1
PR-22;BADMINTON;0.15;SUB-1
PR-23;PUGILATO;0.15;SUB-1
PR-24;CRICKET;0.15;SUB-1
PR-25;TENNIS TAVOLO;0.15;SUB-1
PR-26;FLOORBALL;0.15;SUB-1
PR-27;LEAGUE OF LEGENDS;0.15;SUB-1
PR-28;BOWLS;0.15;SUB-1
PR-29;SQUASH;0.15;SUB-1
PR-30;ELEZIONI POLITICHE;0.15;SUB-1
PR-31;TENNIS;0.2;SUB-2
PR-32;BESKET;0.2;SUB-2
PR-33;VOLLEY;0.2;SUB-2
PR-34;HOCKEY GHIACCIO;0.2;SUB-2
PR-35;BASEBALL;0.2;SUB-2
PR-36;CICLISMO;0.2;SUB-2
PR-37;CALCIO A 5;0.2;SUB-2
PR-38;PALLAMANO;0.2;SUB-2
PR-39;SNOOKER;0.2;SUB-2
PR-40;FRECCETTE;0.2;SUB-2
PR-41;BADMINTON;0.2;SUB-2
PR-42;CRICKET;0.2;SUB-2
PR-43;TENNIS TAVOLO;0.2;SUB-2
PR-44;LEAGUE OF LEGENDS;0.2;SUB-2
PR-45;GOLD LEAGUE;0.15;SUB-3
PR-46;GOLD MATCH ;0.15;SUB-3
PR-47;CANI REALI-1;0.15;SUB-3
PR-48;CANI REALI 2000;0.15;SUB-3
PR-49;CAVALLI;0.15;SUB-3
PR-50;INDIA;0.2;SUB-4
PR-51;ITALIA;0.2;SUB-4
PR-52;GRAN BRETAGNA;0.2;SUB-4
PR-53;ARGENTINA;0.2;SUB-4
PR-54;AUSTRALIA;0.2;SUB-4
PR-55;CILE;0.2;SUB-4
PR-56;IRLANDA;0.2;SUB-4
PR-57;FRANCIA;0.2;SUB-4
PR-58;GERMANIA;0.2;SUB-4
PR-59;SUD AFRICA;0.2;SUB-4
PR-60;SPAIN;0.2;SUB-4
PR-61;SVEZIA;0.2;SUB-4
PR-62;USA;0.2;SUB-4
PR-63;GRUPPO1;0.15;SUB-5
PR-64;GRUPPO2;0.15;SUB-5
PR-65;SLOT MACHINE;0.15;SUB-6
PR-66;NOVITÀ;0.15;SUB-6
PR-67;ESCLUSIVA;0.15;SUB-6
PR-68;PROMO;0.15;SUB-6
PR-69;FIRE BLAZE;0.15;SUB-6
PR-70;AGE OF THE GODS;0.15;SUB-6
PR-71;FREESPIN;0.15;SUB-6
PR-72;BONUS GAME;0.15;SUB-6
PR-73;CRASH GAME;0.15;SUB-6
PR-74;JACKPOT;0.15;SUB-6
PR-75;HOT SLOT;0.15;SUB-6
PR-76;SLOT BAR;0.15;SUB-6
PR-77;BOOK OF RA;0.15;SUB-6
PR-78;BUY BONUS;0.15;SUB-6
PR-79;MEGAWAYS;0.15;SUB-6
PR-80;ROULETTE;0.15;SUB-7
PR-81;TABLE GAMES;0.15;SUB-7
PR-82;BLACKJACK;0.15;SUB-7
PR-83;VIDEOPOKER;0.15;SUB-7
PR-84;STUDIO LIVE;0.15;SUB-8
PR-85;ROULETTE-LIVE;0.15;SUB-8
PR-86;GAME SHOW;0.15;SUB-8
PR-87;BLACKJACK;0.15;SUB-8
PR-88;BACCARAT;0.15;SUB-8
PR-89;DADI;0.15;SUB-8
PR-90;BURRACO;0.15;SUB-9
PR-91;SCOPA;0.15;SUB-9
PR-92;BRISCOLA;0.15;SUB-9
PR-93;POKER ALL'ITALIANA;0.15;SUB-9
PR-94;SCALA 40;0.15;SUB-9
PR-95;TRESETTE;0.15;SUB-9
PR-96;SETTE E MEZZO;0.15;SUB-9
PR-97;ZAFFIRO75;0.15;SUB-10
PR-98;ITALIA30;0.15;SUB-10
PR-99;DIAMANTE90;0.15;SUB-10
PR-100;RUBINO90;0.15;SUB-10
PR-101;BINGONE;0.15;SUB-10
PR-102;TWISTER;0.2;SUB-11
PR-103;POINT SYSITEM;0.2;SUB-11
PR-104;TANA DELLE TIGRI;0.2;SUB-11
PR-105;CASH RACE;0.2;SUB-11
PR-106;10ELOTTO;0.2;SUB-12
PR-107;ILGIOCODELLOTTO;0.2;SUB-12
PR-108;GRATTAEVINCIONLINE;0.2;SUB-12
PR-109;MILLIONDAY;0.2;SUB-12
PR-110;SUPERENALOTTO;0.2;SUB-12
PR-111;EUROJACKPOT;0.2;SUB-12
PR-112;VINCICASA;0.2;SUB-12
PR-113;WINFORLIFE!CLASSICO;0.2;SUB-12
PR-114;WINFORLIFE!GRATTACIELI;0.2;SUB-12
PR-115;PLAYYOURDATE;0.2;SUB-12
