﻿GeographyKey;City;Region;Country
R01;Roma;Lazio;Italia
M02;Milano;Lombardia;Italia
N03;Napoli;Campania;Italia
T04;Torino;Piemonte;Italia
F05;Firenze;Toscana;Italia
B06;Bologna;Emilia-Romagna;Italia
P07;Palermo;Sicilia;Italia
G08;Genova;Liguria;Italia
V09;Venezia;Veneto;Italia
V010;Verona;Veneto;Italia
B011;Bari;Puglia;Italia
C012;Cagliari;Sardegna;Italia
C013;Catania;Sicilia;Italia
P014;Perugia;Umbria;Italia
P015;Pisa;Toscana;Italia
T016;Trieste;Friuli-Venezia Giulia;Italia
A017;Ancona;Marche;Italia
C018;Cosenza;Calabria;Italia
L019;Lecce;Puglia;Italia
B020;Brescia;Lombardia;Italia
M021;Mantova;Lombardia;Italia
M022;Modena;Emilia-Romagna;Italia
P023;Pavia;Lombardia;Italia
S024;Siena;Toscana;Italia
R025;Ravenna;Emilia-Romagna;Italia
V026;Vicenza;Veneto;Italia
F027;Foggia;Puglia;Italia
R028;Reggio Calabria;Calabria;Italia
M029;Messina;Sicilia;Italia
S030;Salerno;Campania;Italia
P031;Potenza;Basilicata;Italia
B032;Benevento;Campania;Italia
A033;Avellino;Campania;Italia
F034;Frosinone;Lazio;Italia
V035;Viterbo;Lazio;Italia
L036;L'Aquila;Abruzzo;Italia
A037;Ascoli Piceno;Marche;Italia
T038;Trento;Trentino-Alto-Adige;Italia
B039;Bolzano;Trentino-Alto-Adige;Italia
U040;Udine;Friuli-Venezia-Giulia;Italia
C041;Como;Lombardia;Italia
S042;Sondrio;Lombardia;Italia
C043;Cremona;Lombardia;Italia
L044;Lecco;Lombardia;Italia
A045;Aosta;Valle d'Aosta;Italia
I046;Imperia;Liguria;Italia
S047;Savona;Liguria;Italia
P048;Parigi;Ile-de-France;France
L049;Lione;Alvernia-Rodano-Alpi;France
M050;Marsiglia;Provenza-Alpi-Costa-Azzurra;France
L051;Lilla;Alto-Francia;France
N052;Nizza;Provenza-Alpi-Costa-Azzurra;France
B053;Bordeaux;Nuova-Aquitania;France
T054;Tolosa;Occitania;France
N055;Nantes;Paesi-della-Loira;France
S056;Strasburgo;Grand-Est;France
R057;Rennes;Bretagna;France
M058;Montpellier;Occitania;France
N059;Nimes;Occitania;France
L060;Laval;Paesi-della-Loira;France
N061;Narbonne;Occitania;France
D062;Dijon;Borgogna-Franca-Contea;France
L063;Lorient;Bretagna;France
O064;Orleans;Centro-Valle-della-Loira;France
A065;Angers;Paesi-della-Loira;France
A066;Avignone;Provenza-Alpi-Costa-Azzurra;France
L067;Limoges;Nuova-Aquitania;France
T068;Toulon;Provenza-Alpi-Costa-Azzurra;France
L069;Le Havre;Normandia;France
P070;Perpignan;Occitania;France
T071;Troyes;Grand-Est;France
B072;Besancon;Borgogna-Franca-Contea;France
A073;Annecy;Alvernia-Rodano-Alpi;France
C074;Chambery;Alvernia-Rodano-Alpi;France
P075;Pau;Nuova Aquitania;France
L076;La Rochelle;Nuova-Aquitania;France
A077;Aix-en-Provence;Provenza-Alpi-Costa-Azzurra;France
R078;Reims;Grand-Est;France
S079;Saint-Etienne;Alvernia-Rodano-Alpi;France
C080;Caen;Normandia;France
V081;Vannes;Bretagna;France
D082;Dunkerque;Alto-Francia;France
C083;Clermont-Ferrand;Alvernia-Rodano-Alpi;France
M084;Madrid;Comunita-di-Madrid;Spain
B085;Barcellona;Catalogna;Spain
V086;Valencia;Comunità-Valenciana;Spain
S087;Siviglia;Andalusia;Spain
Z088;Zaragoza;Aragona;Spain
M089;Malaga;Andalusia;Spain
M090;Murcia;Regione-di-Murcia;Spain
P091;Palma-di-Maiorca;Isole-Baleari;Spain
L092;Las-Palmas-de-Gran-Canaria;Canarie;Spain
S093;Saragozza;Aragona;Spain
B094;Bilbao;Pais-Basco;Spain
A095;Alicante;Comunità-Valenciana;Spain
C096;Cordoba;Andalusia;Spain
V097;Valladolid;Castiglia-e-León;Spain
V098;Vigo;Galizia;Spain
G099;Gijon;Asturie;Spain
H0100;Hospitalet de Llobregat;Catalogna;Spain
V0101;Vitoria-Gasteiz;Pais-Basco;Spain
B0102;Badalona;Catalogna;Spain
L0103;La-Coruna;Galizia;Spain
S0104;Santa-Cruz-de-Tenerife;Canarie;Spain
O0105;Oviedo;Asturie;Spain
E0106;Elche;Comunità Valenciana;Spain
G0107;Gerona;Catalogna;Spain
P0108;Pamplona;Navarra;Spain
A0109;Almeria;Andalusia;Spain
C0110;Cartagena;Regione di Murcia;Spain
T0111;Tarragona;Catalogna;Spain
J0112;Jaen;Andalusia;Spain
S0113;Sabadell;Catalogna;Spain
M0114;Mostoles;Comunità-di-Madrid;Spain
J0115;Jerez-de-la-Frontera;Andalusia;Spain
G0116;Getafe;Comunità-di-Madrid;Spain
B0117;Badajoz;Estremadura;Spain
H0118;Huelva;Andalusia;Spain
L0119;Logrono;La-Rioja;Spain
S0120;Santa-Coloma-de-Gramenet;Catalogna;Spain
B0121;Berlino;Berlino;Germany
A0122;Amburgo;Assia-Inferiore;Germany
M0123;Monaco-di-Baviera;Baviera;Germany
C0124;Colonia;Nord-Reno-Westfalia;Germany
F0125;Francoforte-sull'Oder;Brandeburgo;Germany
S0126;Stoccarda;Assia-Inferiore;Germany
D0127;Dortmund;Nord-Reno-Westfalia;Germany
D0128;Düsseldorf;Nord-Reno-Westfalia;Germany
E0129;Essen;Nord-Reno-Westfalia;Germany
D0130;Dresda;Sassonia;Germany
L0131;Lipsia;Sassonia;Germany
H0132;Hannover;Bassa-Sassonia;Germany
N0133;Norimberga;Baviera;Germany
D0134;Duisburg;Nord-Reno-Westfalia;Germany
B0135;Bielefeld;Nord-Reno-Westfalia;Germany
B0136;Bonn;Nord-Reno-Westfalia;Germany
M0137;Münster;Nord-Reno-Westfalia;Germany
K0138;Karlsruhe;Assia-Inferiore;Germany
A0139;Aquisgrana;Nord-Reno-Westfalia;Germany
B0140;Bremen;Brema;Germany
H0141;Halle;Sassonia-Anhalt;Germany
M0142;Magdeburgo;Sassonia-Anhalt;Germany
F0143;Friburgo-in-Brisgovia;Baden-Württemberg;Germany
E0144;Erfurt;Turingia;Germany
J0145;Jena;Turingia;Germany
D0146;Darmstadt;Assia-Inferiore;Germany
K0147;Kiel;Schleswig-Holstein;Germany
L0148;Lubecca;Schleswig-Holstein;Germany
W0149;Wiesbaden;Assia-Inferiore;Germany
W0150;Wurzburg;Baviera;Germany
R0151;Regensburg;Baviera;Germany
K0152;Kassel;Assia-Inferiore;Germany
A0153;Augsburg;Baviera;Germany
R0154;Ratisbona;Baviera;Germany
H0155;Hof;Assia-Inferiore;Germany
H0156;Hagen;Nord-Reno-Westfalia;Germany
K0157;Krefeld;Nord-Reno-Westfalia;Germany
O0158;Osnabruck;Bassa-Sassonia;Germany
U0159;Ulm;Baden-Wurttemberg;Germany
H0160;Heilbronn;Baden-Wurttemberg;Germany
T0161;Tubinga;Baden-Wurttemberg;Germany
R0162;Reutlingen;Baden-Wurttemberg;Germany
G0163;Gera;Turingia;Germany
E0164;Eisenach;Turingia;Germany
W0165;Worms;Renania-Palatinato;Germany
T0166;Trier;Renania-Palatinato;Germany
M0167;Mannheim;Baden-Wurttemberg;Germany
I0168;Ingolstadt;Baviera;Germany
S0169;Straubing;Baviera;Germany
F0170;Freising;Baviera;Germany
L0171;Lindau;Baviera;Germany
B0172;Bamberg;Baviera;Germany
A0173;Aschaffenburg;Baviera;Germany
I0174;Iserlohn;Nord-Reno-Westfalia;Germany
G0175;Gelsenkirchen;Nord-Reno-Westfalia;Germany
H0176;Herne;Nord-Reno-Westfalia;Germany
M0177;Monchengladbach;Nord-Reno-Westfalia;Germany
O0178;Oberhausen;Nord-Reno-Westfalia;Germany
K0179;Koblenz;Renania-Palatinato;Germany
K0180;Kaiserslautern;Renania-Palatinato;Germany
H0181;Heidelberg;Baden-Wurttemberg;Germany
